koi,kepid,prot,prot_ref,prot_numflag,a18_prot,m13_prot,m15_prot,w13_prot
1,11446443.0,,,1.0,24.85,,70.55,
2,10666592.0,,,1.0,19.6,,70.69,
6,3248033.0,,,0.0,22.77,,,
7,11853905.0,,,1.0,25.31,,,
8,5903312.0,,,0.0,15.32,,,13.88
10,6922244.0,7.46,a18,2.0,7.46,,82.12,
17,10874614.0,,,1.0,18.29,,59.87,
18,8191672.0,,,1.0,24.14,,81.97,
20,11804465.0,,,1.0,29.59,,59.5,
22,9631995.0,,,1.0,44.48,,126.37,
41,6521045.0,,,1.0,25.78,24.99,24.99,
46,10905239.0,,,1.0,21.78,,,
49,9527334.0,8.74,a18,3.0,8.74,8.55,8.59,8.6
63,11554435.0,5.49,a18,3.0,5.49,5.41,,5.39
64,7051180.0,2.23,a18,3.0,2.23,,,2.22
69,3544595.0,,,1.0,29.63,,57.32,
70,6850504.0,27.92,a18,2.0,27.92,,27.72,28.25
72,11904151.0,,,1.0,48.56,,18.2,
75,7199397.0,,,1.0,25.28,,26.41,21.71
82,10187017.0,26.55,a18,3.0,26.55,26.57,26.4,26.74
84,2571238.0,20.23,a18,2.0,20.23,,20.27,32.54
85,5866724.0,7.9,a18,3.0,7.9,7.91,7.88,
92,7941200.0,16.38,a18,3.0,16.38,16.2,16.18,
94,6462863.0,21.86,a18,2.0,21.86,,,
97,5780885.0,,,1.0,15.89,,103.25,
102,8456679.0,,,1.0,18.77,,43.7,
103,2444412.0,22.97,a18,3.0,22.97,23.16,23.28,10.71
104,10318874.0,44.31,m15,2.0,,,44.31,
105,8711794.0,,,1.0,19.72,,43.09,
107,11250587.0,17.42,a18,3.0,17.42,17.33,17.58,
108,4914423.0,,,1.0,21.66,,20.92,
110,9450647.0,,,1.0,21.63,,11.04,
111,6678383.0,,,1.0,18.03,,,
112,10984090.0,15.73,a18,2.0,15.73,,32.08,
115,9579641.0,16.34,a18,2.0,16.34,16.85,16.78,
116,8395660.0,22.51,a18,2.0,22.51,,20.33,
117,10875245.0,22.35,a18,2.0,22.35,,21.56,
118,3531558.0,20.6,a18,2.0,20.6,,49.68,
122,8349582.0,15.73,m15,2.0,34.16,,15.73,
123,5094751.0,,,1.0,26.42,,43.72,
124,11086270.0,,,1.0,36.56,,54.78,
127,8359498.0,30.49,a18,2.0,30.49,,33.24,
128,11359879.0,,,1.0,23.48,,35.55,
134,9032900.0,,,0.0,7.68,,,7.42
135,9818381.0,12.86,a18,3.0,12.86,12.85,,12.38
137,8644288.0,16.4,a18,2.0,16.4,,44.74,
139,8559644.0,17.14,a18,2.0,17.14,16.96,16.91,
142,,,,0.0,,,,
144,4180280.0,39.72,a18,2.0,39.72,,44.85,
145,9904059.0,,,1.0,,,,
148,5735762.0,38.35,a18,2.0,38.35,,36.57,39.36
149,3835670.0,,,1.0,20.29,,56.09,
150,7626506.0,,,1.0,15.62,,25.74,
152,8394721.0,4.71,a18,2.0,4.71,,64.01,
153,12252424.0,26.86,a18,2.0,26.86,,45.46,
155,8030148.0,,,1.0,30.16,,112.96,
157,6541920.0,,,1.0,21.07,,25.25,
159,8972058.0,13.83,a18,2.0,13.83,,80.2,
161,5084942.0,19.52,a18,2.0,19.52,,42.39,26.74
166,2441495.0,16.51,a18,2.0,16.51,,71.94,
167,11666881.0,,,1.0,,,26.48,
168,11512246.0,,,1.0,9.11,,50.13,
171,7831264.0,8.83,a18,3.0,8.83,,8.42,8.6
172,8692861.0,,,1.0,46.43,,81.91,
173,11402995.0,,,1.0,,,55.39,
174,10810838.0,23.4,a18,2.0,23.4,,78.08,
176,6442377.0,5.83,a18,2.0,5.83,,58.37,
179,9663113.0,,,1.0,15.02,,12.78,
180,9573539.0,15.78,a18,3.0,15.78,15.76,15.59,15.94
186,12019440.0,21.2,a18,2.0,21.2,,21.43,
191,5972334.0,,,1.0,28.78,,55.1,
193,10799735.0,,,0.0,,,23.23,
195,11502867.0,,,1.0,21.98,,142.09,
197,2987027.0,21.57,a18,2.0,21.57,35.21,34.47,
201,6849046.0,,,1.0,15.97,,,
203,10619192.0,12.27,a18,3.0,12.27,12.16,12.05,12.5
209,10723750.0,10.93,a18,2.0,10.93,,10.72,
211,10656508.0,,,1.0,19.56,,,
214,11046458.0,15.1,a18,2.0,15.1,,31.4,
232,4833421.0,,,0.0,22.16,,61.76,
237,8041216.0,12.13,d20,2.0,23.84,23.3,23.25,27.73
238,7219825.0,,,0.0,10.39,,20.24,
241,11288051.0,,,0.0,1.1,,49.42,
244,4349452.0,,m15,2.0,,23.15,,24.55
245,,,,0.0,,,,
246,11295426.0,,,1.0,16.38,,,
257,5514383.0,7.94,a18,2.0,7.94,7.86,7.86,
260,8292840.0,7.33,a18,2.0,7.33,,,
261,5383248.0,15.17,a18,3.0,15.17,14.92,14.86,15.3
262,11807274.0,7.86,a18,3.0,7.86,7.55,7.6,
263,10514430.0,,,0.0,,,39.29,
265,12024120.0,12.48,a18,2.0,12.48,,24.49,
266,7375348.0,,,1.0,,,,
268,3425851.0,7.87,m13,3.0,,7.87,,7.97
269,7670943.0,6.11,a18,2.0,6.11,5.27,5.21,
271,9451706.0,10.2,a18,2.0,10.2,10.12,10.1,
273,3102384.0,,,1.0,27.37,,37.33,
274,8077137.0,13.07,m15,2.0,20.7,,13.07,
275,10586004.0,,,1.0,29.87,,29.78,
276,11133306.0,,,0.0,19.22,,55.45,
277,11401755.0,,,1.0,20.24,,17.62,
279,12314973.0,10.24,a18,2.0,10.24,20.8,20.82,
280,4141376.0,,,0.0,22.5,,27.83,
281,4143755.0,22.29,a18,2.0,22.29,,65.65,
282,5088536.0,,,1.0,27.47,,35.82,34.8
283,5695396.0,17.88,a18,3.0,17.88,17.52,17.43,17.21
284,6021275.0,,,0.0,10.55,,40.94,
285,6196457.0,17.0,a18,2.0,17.0,,32.5,
288,9592705.0,13.57,a18,3.0,13.57,13.38,13.34,
289,10386922.0,,,1.0,29.26,,32.44,
291,10933561.0,,,1.0,20.93,,27.99,
292,11075737.0,21.81,a18,2.0,21.81,,19.77,
294,11259686.0,13.94,a18,2.0,13.94,12.1,12.09,12.37
295,11547513.0,15.75,m15,2.0,28.86,15.72,15.75,
296,11802615.0,,,1.0,20.94,,78.75,
297,11905011.0,8.81,a18,2.0,8.81,8.29,8.28,8.27
299,2692377.0,23.42,a18,2.0,23.42,22.96,23.0,23.43
301,3642289.0,,,0.0,14.15,,82.0,
303,5966322.0,21.53,d20,2.0,18.71,,56.21,
304,6029239.0,16.78,a18,2.0,16.78,16.5,16.57,14.42
305,6063220.0,31.46,a18,2.0,31.46,29.55,29.78,14.99
306,6071903.0,17.6,a18,3.0,17.6,17.82,17.77,17.84
307,6289257.0,14.31,a18,2.0,14.31,,13.62,
308,6291837.0,6.02,m15,2.0,23.34,,6.02,
313,7419318.0,,,0.0,20.51,,39.15,
315,7700622.0,33.4,a18,2.0,33.4,31.43,31.63,
316,8008067.0,19.68,a18,2.0,19.68,,26.4,
317,8121310.0,,,0.0,9.69,,70.93,
318,8156120.0,5.24,a18,3.0,5.24,4.92,4.99,
321,8753657.0,,,0.0,18.37,,76.54,
323,9139084.0,7.6,a18,3.0,7.6,7.64,7.64,7.97
327,9881662.0,13.3,a18,2.0,13.3,24.52,24.91,
328,9895004.0,,,0.0,,,,15.62
330,11361646.0,11.84,d20,2.0,29.55,,25.6,27.73
331,10285631.0,16.87,m15,2.0,,,16.87,
332,10290666.0,,,0.0,18.42,,52.23,
333,10337258.0,7.26,a18,3.0,7.26,6.89,6.87,
337,,,,0.0,,,,
338,10552611.0,30.77,m13,2.0,18.78,30.77,61.17,
340,10616571.0,,,0.0,12.82,12.94,,12.93
341,10878263.0,18.44,a18,3.0,18.44,18.55,18.31,19.21
343,10982872.0,9.72,d20,2.0,29.48,,29.54,
344,11015108.0,12.18,d20,2.0,23.79,24.15,24.16,
345,11074541.0,34.93,a18,2.0,34.93,35.05,34.44,34.8
346,11100383.0,15.15,m13,3.0,15.54,15.15,15.08,14.99
348,11194032.0,35.94,a18,2.0,35.94,37.09,36.89,41.54
350,11395587.0,20.78,a18,2.0,20.78,19.67,19.71,
351,11442793.0,,,0.0,17.94,,13.64,
352,11521793.0,13.17,a18,2.0,13.17,,41.38,
355,11621223.0,10.8,a18,2.0,10.8,10.39,10.41,
356,11624249.0,21.4,a18,2.0,21.4,,58.31,
360,12107021.0,,,0.0,29.12,,,
361,12404954.0,23.77,a18,2.0,23.77,24.5,24.33,
364,,,,0.0,,,,
365,11623629.0,16.06,a18,2.0,16.06,,33.0,
367,4815520.0,11.82,d20,2.0,16.28,23.37,23.49,
369,7175184.0,8.21,a18,3.0,8.21,,8.12,
370,8494142.0,,,1.0,23.23,,74.93,
371,5652983.0,,,0.0,20.04,,,
372,6471021.0,11.97,a18,3.0,11.97,11.77,11.8,11.9
373,7364176.0,,,1.0,21.74,,32.98,
374,8686097.0,,,0.0,51.4,,27.66,
375,,,,0.0,,,,
377,,,,0.0,,,,
379,2446113.0,,,1.0,25.79,,34.14,
384,3353050.0,23.24,a18,2.0,23.24,,45.83,
385,3446746.0,14.81,d20,2.0,19.35,,29.56,
386,3656121.0,14.39,a18,2.0,14.39,13.81,13.85,
387,3733628.0,20.3,m15,3.0,20.65,20.31,20.3,20.25
388,3831053.0,,,0.0,38.48,,61.23,
392,3942670.0,,,0.0,25.54,,78.66,
393,3964109.0,,,0.0,24.18,,0.14,
399,7289157.0,,,0.0,,,,7.97
401,3217264.0,,,1.0,18.83,,36.53,
403,4247092.0,,,0.0,20.89,,,
408,5351250.0,17.87,a18,3.0,17.87,17.56,17.48,18.28
409,5444548.0,13.81,a18,2.0,13.81,,20.62,
415,6289650.0,,,0.0,29.07,,61.73,
416,6508221.0,,,0.0,16.72,,41.92,
427,10189546.0,26.32,a18,2.0,26.32,26.28,25.84,13.39
431,10843590.0,30.28,a18,2.0,30.28,,28.68,
433,10937029.0,,,0.0,23.51,,29.23,
435,11709124.0,,,1.0,35.92,,60.06,
439,12470954.0,19.89,d20,2.0,36.73,,,
440,2438264.0,34.96,a18,2.0,34.96,,37.1,34.8
442,3745690.0,,,0.0,20.96,,75.74,
444,3847138.0,16.08,a18,2.0,16.08,26.4,26.78,
446,4633570.0,15.57,d20,2.0,,31.3,31.33,
448,5640085.0,10.5,m15,3.0,,10.47,10.5,10.27
456,7269974.0,,,0.0,23.32,,77.01,
457,7440748.0,28.56,a18,3.0,28.56,27.88,27.86,26.74
459,7977197.0,,,0.0,,,32.18,
464,8890783.0,26.22,m15,2.0,,26.34,26.22,
465,,,,0.0,,,,
466,9008220.0,,,0.0,14.87,14.85,14.64,14.7
474,10460984.0,15.33,m15,2.0,,15.35,15.33,
475,10577994.0,,,1.0,17.47,,36.32,
479,11015323.0,,,1.0,27.18,,56.94,
481,11192998.0,23.81,m15,2.0,,,23.81,
486,12404305.0,,,0.0,,,73.37,
490,3239945.0,,,0.0,,,77.58,40.42
500,4852528.0,25.56,m15,3.0,,25.57,25.56,
505,5689351.0,25.59,a18,3.0,25.59,25.43,25.36,
508,6266741.0,,,1.0,18.07,,75.8,
509,6381846.0,22.0,a18,3.0,22.0,21.51,21.46,23.05
510,6422155.0,23.34,a18,3.0,23.34,23.29,23.31,
511,6451936.0,15.02,m15,3.0,,15.0,15.02,
517,8015907.0,18.69,a18,3.0,18.69,19.32,18.83,18.73
518,8017703.0,,,1.0,24.95,,43.72,
519,8022244.0,,,1.0,,,20.57,
520,8037145.0,33.89,m15,2.0,,34.16,33.89,
523,8806123.0,,,1.0,,,4.49,
528,9941859.0,,,0.0,,,65.71,
534,10554999.0,16.53,a18,2.0,16.53,,36.86,
543,11823054.0,,,1.0,34.77,,45.14,38.35
546,12058931.0,,,1.0,,,44.29,
548,12600735.0,,,1.0,17.5,,68.58,
550,4165473.0,22.49,a18,3.0,22.49,22.59,22.58,
551,4270253.0,,,0.0,,,76.25,
555,5709725.0,15.85,a18,2.0,15.85,,34.1,
561,6665695.0,,,1.0,16.35,,41.41,
564,6786037.0,,,0.0,28.2,,21.1,
567,7445445.0,,,1.0,,,81.84,
568,7595157.0,30.92,a18,2.0,30.92,,28.05,
569,8008206.0,31.69,a18,2.0,31.69,31.78,31.52,35.62
572,8193178.0,,,1.0,19.24,,42.11,
573,8344004.0,,,0.0,33.09,,77.82,
574,8355239.0,,,1.0,35.71,,41.6,34.01
577,8558011.0,,,1.0,22.28,,37.74,
579,8616637.0,31.11,a18,3.0,31.11,29.98,29.9,15.3
582,9020160.0,21.17,m15,3.0,,21.25,21.17,22.03
584,9146018.0,21.28,a18,2.0,21.28,,31.67,
590,9782691.0,13.63,a18,3.0,13.63,13.3,13.33,14.7
597,10600261.0,,,0.0,,,19.63,
598,10656823.0,26.42,a18,3.0,26.42,25.83,25.81,25.82
600,10718726.0,,,1.0,32.08,,31.79,36.49
601,10973664.0,10.86,m15,3.0,,11.0,10.86,5.39
611,6309763.0,10.4,a18,2.0,10.4,,5.0,
612,6587002.0,,,1.0,29.89,,33.71,
620,11773022.0,8.25,a18,3.0,8.25,8.22,8.17,8.27
623,12068975.0,21.7,a18,2.0,21.7,,21.8,
624,3541946.0,15.38,m15,3.0,,15.37,15.38,7.97
626,4478168.0,,,0.0,37.59,,51.61,
627,4563268.0,13.06,a18,2.0,13.06,,12.46,
628,4644604.0,,,1.0,17.38,,25.99,
629,4656049.0,,,1.0,10.44,,69.86,
632,4827723.0,21.77,a18,3.0,21.77,22.41,22.35,17.43
633,4841374.0,,,0.0,,,39.3,
635,5020319.0,8.9,a18,3.0,8.9,8.88,8.92,
638,5113822.0,18.14,a18,3.0,18.14,17.79,17.99,
639,5120087.0,8.65,a18,2.0,8.65,7.77,7.79,
644,5356593.0,,,0.0,8.91,,,8.68
645,5374854.0,,,1.0,20.84,,65.57,
647,5531694.0,,,0.0,,,49.63,
649,5613330.0,,,1.0,23.48,,10.33,
650,5786676.0,,,1.0,14.3,36.37,69.34,37.4
654,5941160.0,19.12,a18,3.0,19.12,18.94,18.92,
655,5966154.0,,,1.0,10.4,,17.26,
657,6020753.0,16.16,a18,2.0,16.16,,41.01,
658,6062088.0,15.23,a18,3.0,15.23,15.24,15.26,21.71
659,6125481.0,7.54,a18,2.0,7.54,,6.68,
660,6267535.0,,,0.0,29.85,,32.1,
661,6347299.0,16.82,a18,2.0,16.82,16.93,16.9,
662,6365156.0,,,0.0,22.01,,49.98,
664,6442340.0,,,0.0,31.15,,72.52,
665,6685609.0,15.93,a18,2.0,15.93,15.42,15.48,7.69
666,6707835.0,28.32,a18,2.0,28.32,,27.91,42.72
670,7033671.0,,,0.0,,,144.24,
671,7040629.0,,,1.0,11.24,,60.46,
672,7115785.0,27.26,a18,2.0,27.26,,27.48,30.55
673,7124613.0,4.89,a18,3.0,4.89,4.79,4.79,4.59
674,7277317.0,,,0.0,15.62,,,
678,7509886.0,13.79,a18,3.0,13.79,13.84,13.74,13.88
679,7515212.0,21.6,a18,2.0,21.6,,21.43,18.28
680,7529266.0,,,1.0,33.2,,72.8,
682,,,,0.0,,,,
683,7630229.0,16.62,a18,3.0,16.62,16.49,16.47,16.55
684,7730747.0,,,0.0,21.93,,85.67,
685,7764367.0,,,0.0,16.61,,45.35,
686,7906882.0,18.79,a18,2.0,18.79,,16.91,
687,7976520.0,18.34,a18,2.0,18.34,19.02,,18.73
688,8161561.0,,,1.0,25.27,,26.1,
689,8361905.0,,,0.0,20.22,,10.47,
691,8480285.0,,,1.0,30.84,,32.03,
692,8557374.0,,,1.0,27.55,,26.78,
693,8738735.0,8.09,a18,2.0,8.09,,12.48,
694,8802165.0,23.15,a18,2.0,23.15,22.84,22.8,28.25
695,8805348.0,,,0.0,19.65,,78.29,
700,8962094.0,,,0.0,19.49,,30.09,
701,9002278.0,29.9,a18,2.0,29.9,,35.99,
703,9162741.0,,,0.0,5.27,,,4.69
704,9266431.0,20.42,a18,3.0,20.42,20.91,20.85,21.1
707,9458613.0,,,1.0,21.99,,85.24,
708,9530945.0,10.45,a18,2.0,10.45,,10.1,
709,9578686.0,,,0.0,22.27,,59.69,29.94
710,9590976.0,,,0.0,31.42,,,
711,9597345.0,,,0.0,17.61,,35.94,
714,9702072.0,27.7,a18,3.0,27.7,26.86,26.79,28.25
717,9873254.0,,,0.0,24.94,,85.57,
718,9884104.0,17.73,a18,3.0,17.73,17.1,17.36,17.43
719,9950612.0,30.79,a18,3.0,30.79,30.79,30.76,15.3
720,9963524.0,9.63,a18,3.0,9.63,9.4,9.43,9.35
721,9964801.0,,,0.0,15.99,,59.42,
722,9965439.0,,,0.0,16.26,,9.82,
723,10002866.0,11.05,a18,3.0,11.05,10.98,11.07,11.9
730,10227020.0,,,0.0,17.82,,,
732,10265898.0,33.35,a18,2.0,33.35,,35.77,
733,10271806.0,22.05,a18,2.0,22.05,21.88,21.88,20.81
734,10272442.0,,,0.0,,,53.02,
738,10358759.0,,,0.0,,,37.35,
749,10601284.0,,,0.0,,,18.65,
752,10797460.0,24.88,m15,2.0,,24.92,24.88,
756,10872983.0,,,0.0,,,15.44,
757,10910878.0,17.62,a18,3.0,17.62,15.94,16.21,17.43
759,11018648.0,,,0.0,18.86,,24.66,
760,11138155.0,,,0.0,21.69,,,
771,11465813.0,,,0.0,31.89,,,
800,3342970.0,,,0.0,,,60.66,
806,,,,0.0,,,,
825,5252423.0,,,1.0,16.27,,35.73,
829,5358241.0,,,0.0,,,44.14,
834,5436502.0,,,1.0,14.07,,38.55,
835,5456651.0,,,1.0,24.04,,29.66,
837,5531576.0,32.21,m15,3.0,,32.4,32.21,36.49
841,5792202.0,15.09,a18,3.0,15.09,14.74,14.89,14.99
853,6428700.0,15.81,a18,3.0,15.81,15.77,15.81,15.95
857,6587280.0,26.27,a18,3.0,26.27,26.23,26.31,
864,6849310.0,,,1.0,37.21,,15.09,
869,6948054.0,19.56,a18,3.0,19.56,19.44,19.6,9.77
870,6949607.0,18.03,m15,3.0,,17.95,18.03,18.28
872,7109675.0,27.83,m15,3.0,,27.86,27.83,16.29
874,7134976.0,23.19,a18,3.0,23.19,23.18,22.95,24.16
880,7366258.0,,,1.0,20.41,,31.26,28.25
881,7373451.0,,,1.0,,,30.67,
884,7434875.0,34.16,m15,2.0,,33.84,34.16,29.94
889,757450.0,19.49,a18,3.0,19.49,19.38,19.4,18.28
892,7678434.0,23.59,m13,3.0,,23.59,,20.53
896,7825899.0,25.33,a18,3.0,25.33,25.07,24.93,12.29
906,8226994.0,36.96,m15,2.0,,,36.96,
907,8247638.0,,,1.0,19.91,,27.56,14.42
918,,,,0.0,,,,
921,8689373.0,,,1.0,,,23.98,
934,9334289.0,25.05,a18,2.0,25.05,24.52,24.37,31.85
935,9347899.0,,,1.0,9.16,,9.06,
939,9466668.0,14.92,a18,2.0,14.92,,62.75,
941,9480189.0,21.78,a18,3.0,21.78,21.68,21.31,10.56
954,9823457.0,,,1.0,14.43,,57.78,
958,1026957.0,21.01,d20,3.0,,,,10.13
974,9414417.0,10.83,m15,3.0,24.37,10.85,10.83,
975,3632418.0,12.58,a18,3.0,12.58,12.59,12.53,
981,,,,0.0,,,,
986,2854698.0,18.89,a18,3.0,18.89,19.2,19.2,19.21
987,7295235.0,20.36,a18,3.0,20.36,20.89,20.51,19.72
988,2302548.0,12.55,a18,3.0,12.55,12.37,12.32,12.29
991,10154388.0,20.56,a18,2.0,20.56,,20.2,
993,1718189.0,,,0.0,,,40.39,
999,2165002.0,22.46,m15,3.0,,22.74,22.46,22.7
1001,1871056.0,11.71,a18,2.0,11.71,,34.14,
1010,,,,0.0,,,,
1015,8158127.0,,,1.0,,,69.08,
1019,,,,0.0,,,,
1032,,,,0.0,,,,
1050,5809890.0,30.69,a18,3.0,30.69,29.81,29.97,27.73
1052,5956342.0,,,1.0,8.4,,13.69,
1054,,,,0.0,,,,
1060,5880320.0,,,1.0,7.74,,,
1069,8222813.0,,a18,2.0,,,,
1089,3247268.0,,,1.0,12.91,,49.13,
1102,3231341.0,7.75,a18,2.0,7.75,10.08,10.08,
1113,2854914.0,,,1.0,11.39,,68.28,
1115,3116412.0,,,1.0,18.24,,65.62,
1116,2849805.0,,,1.0,20.28,,79.99,
1117,3114811.0,,,1.0,10.06,,68.53,
1118,2853446.0,,,1.0,20.58,,56.98,
1120,6307537.0,,,0.0,,,,
1126,6307521.0,,,0.0,,,,
1127,6359320.0,,,1.0,16.74,,39.85,
1128,6362874.0,27.84,a18,2.0,27.84,,75.26,33.26
1145,8313667.0,13.1,a18,3.0,13.1,13.0,12.92,12.09
1148,8410727.0,,,1.0,11.07,,10.89,
1151,8280511.0,,,1.0,21.63,,29.83,
1161,10426656.0,,,1.0,13.82,,47.5,
1162,10528068.0,,,1.0,15.05,,44.77,
1163,10468940.0,,,1.0,,,28.82,
1165,10337517.0,23.79,a18,2.0,23.79,,33.0,
1168,,,,0.0,,,,
1169,10319385.0,,,1.0,17.19,,31.93,
1175,10350571.0,16.13,a18,2.0,16.13,,41.62,41.54
1196,3348082.0,,,1.0,,,49.36,
1198,3447722.0,,,1.0,11.45,,50.44,
1199,3859079.0,32.68,a18,2.0,32.68,34.26,34.22,
1203,3962243.0,,,1.0,,,56.37,
1206,,,,0.0,,,,
1215,3939150.0,,,1.0,24.66,,101.23,
1216,3839488.0,21.29,a18,2.0,21.29,,21.74,
1218,3442055.0,,,1.0,35.09,,57.94,
1220,4043190.0,22.46,a18,2.0,22.46,,32.86,
1221,3640905.0,,,1.0,,,,
1222,,,,0.0,,,,
1230,6470149.0,,,1.0,15.1,,,43.97
1239,6607286.0,,,1.0,13.0,,4.86,
1240,6690082.0,,,1.0,,,28.15,14.7
1241,6448890.0,,,1.0,1.7,,,
1242,6607447.0,,,1.0,19.93,,82.98,
1270,8564587.0,32.91,m15,2.0,,33.31,32.91,32.54
1271,8631160.0,,,1.0,30.69,,,
1274,,,,0.0,,,,
1275,8583696.0,,,1.0,21.69,,71.98,
1276,8804283.0,,,1.0,30.0,,9.62,
1278,8609450.0,,,1.0,,,57.6,
1279,8628758.0,,,1.0,29.47,,28.75,
1282,8822366.0,,,1.0,14.84,,35.53,
1283,8700771.0,,,1.0,14.72,,72.66,
1288,10790387.0,,,1.0,41.39,,70.84,
1299,10864656.0,,,1.0,24.07,,,
1300,10975146.0,39.15,m15,3.0,,38.28,39.15,29.35
1301,10538176.0,,,1.0,,,5.68,
1305,10730034.0,27.04,m15,3.0,,26.95,27.04,
1306,10858691.0,,,1.0,16.15,,24.46,
1307,10973814.0,28.13,m15,2.0,,,28.13,
1308,10586208.0,,,1.0,,,54.99,
1311,10713616.0,,,1.0,46.62,,66.3,
1314,10585852.0,,,1.0,19.12,,,
1315,10928043.0,11.49,a18,2.0,11.49,,11.17,
1316,,,,0.0,,,,
1332,4455231.0,,,1.0,,,29.34,
1335,4155328.0,4.37,m15,2.0,8.76,,4.37,
1336,4077526.0,,,1.0,31.16,,22.87,
1338,4466677.0,,,1.0,20.66,,60.45,
1344,4136466.0,,,1.0,11.89,,28.5,
1353,7303287.0,8.85,a18,3.0,8.85,8.65,8.73,8.96
1356,,,,0.0,,,,
1359,6946199.0,,,1.0,,,56.13,
1360,7102227.0,31.78,a18,2.0,31.78,,32.56,
1363,6936909.0,,,1.0,25.18,,46.13,
1364,6962977.0,,,1.0,,,62.9,
1366,6932987.0,20.88,a18,2.0,20.88,31.27,31.19,32.54
1367,6934291.0,29.89,a18,2.0,29.89,29.83,16.83,30.55
1375,6766634.0,,,1.0,16.33,,75.76,
1378,7375795.0,,,0.0,,,34.91,
1379,7211221.0,,,1.0,21.75,,56.24,
1396,9455556.0,24.86,a18,3.0,24.86,24.37,24.38,34.01
1411,9425139.0,,,1.0,10.82,,104.13,
1412,8950853.0,,,1.0,11.74,,11.15,
1413,9006449.0,,,1.0,,,31.5,26.74
1421,,,,0.0,,,,
1426,11122894.0,23.75,a18,2.0,23.75,,33.22,
1428,11401182.0,,,1.0,16.37,,39.94,
1431,11075279.0,29.78,a18,2.0,29.78,,29.38,
1432,11014932.0,,,1.0,64.4,,54.29,
1436,11389771.0,23.8,a18,2.0,23.8,22.69,22.66,20.81
1438,11193263.0,12.03,a18,2.0,12.03,,10.99,
1439,11027624.0,,,1.0,24.04,17.83,17.91,
1442,11600889.0,26.34,a18,2.0,26.34,,43.9,
1444,11043167.0,,,1.0,15.64,,51.84,
1445,11336883.0,5.48,a18,2.0,5.48,5.27,5.3,5.13
1463,7672940.0,,,0.0,22.49,,11.91,
1466,9512981.0,,,1.0,19.98,,26.58,34.8
1474,12365184.0,8.73,a18,2.0,8.73,4.49,4.53,
1477,7811397.0,22.56,a18,3.0,22.56,21.96,21.99,24.55
1478,12403119.0,33.09,a18,2.0,33.09,,66.84,
1480,7512982.0,27.16,a18,2.0,27.16,26.76,26.85,28.25
1483,11909686.0,,,0.0,,,,
1486,7898352.0,,,1.0,13.64,,12.08,
1528,7691260.0,32.7,a18,2.0,32.7,,36.06,31.18
1529,9821454.0,,,1.0,,,60.34,
1530,11954842.0,,,1.0,35.96,,56.25,
1531,11764462.0,23.41,a18,3.0,23.41,22.99,22.88,25.38
1532,11656246.0,10.33,m15,2.0,,,10.33,
1533,7808587.0,,,1.0,21.95,,76.05,
1534,4741126.0,,,1.0,,,48.14,
1535,11669125.0,,,1.0,22.37,,14.93,
1536,12159249.0,18.84,a18,2.0,18.84,,18.74,
1537,9872292.0,12.6,a18,3.0,12.6,12.78,12.63,12.71
1557,5371776.0,14.45,a18,3.0,14.45,14.18,14.16,
1563,5219234.0,34.5,a18,2.0,34.5,,14.3,
1567,5438099.0,16.01,a18,2.0,16.01,,14.61,
1576,,,,0.0,,,,
1581,7939330.0,,,1.0,,,23.72,
1596,10027323.0,,,1.0,,,44.05,
1598,10004738.0,24.74,m15,2.0,,,24.74,
1601,5438757.0,,,1.0,,,41.73,
1606,9886661.0,32.22,a18,2.0,32.22,,32.71,
1608,10055126.0,,,1.0,22.41,,64.68,
1609,5009743.0,,,1.0,15.54,,55.82,
1612,10963065.0,12.89,a18,3.0,12.89,12.44,12.41,
1615,4278221.0,7.88,a18,3.0,7.88,7.73,7.73,
1616,9015738.0,11.78,a18,3.0,11.78,11.59,11.64,
1618,7215603.0,,,1.0,23.47,7.09,7.13,
1621,5561278.0,17.69,a18,2.0,17.69,18.45,18.26,18.28
1623,11392618.0,,,0.0,21.3,,,
1628,6975129.0,5.73,a18,3.0,5.73,5.69,5.73,6.16
1629,8685497.0,,,1.0,18.08,,71.68,
1632,9277896.0,10.05,a18,2.0,10.05,,9.56,
1639,,,,0.0,,,,
1647,11153121.0,,,1.0,19.3,,31.97,
1655,11547505.0,,,1.0,18.65,,48.96,
1665,4932442.0,,,1.0,17.97,,46.95,
1666,5008501.0,,,0.0,,,,
1669,5183357.0,,,1.0,21.15,,9.47,
1688,6310636.0,14.54,a18,2.0,14.54,,13.5,
1692,6616218.0,26.99,a18,3.0,26.99,25.68,,
1695,6803855.0,,,1.0,15.82,,13.73,32.54
1706,7626370.0,14.89,a18,2.0,14.89,,25.15,
1707,7703955.0,,,1.0,20.39,,39.42,
1715,9836959.0,,,1.0,18.4,,86.82,
1726,8242434.0,32.11,m15,2.0,14.4,,32.11,34.8
1738,4365645.0,35.65,m15,2.0,18.38,35.87,35.65,15.62
1739,,,,0.0,,,,
1751,9729691.0,24.15,a18,3.0,24.15,23.95,23.58,23.41
1779,9909735.0,7.37,a18,3.0,7.37,7.15,,7.18
1781,11551692.0,10.55,a18,3.0,10.55,10.44,10.42,11.03
1783,10005758.0,,,1.0,23.75,,72.15,
1796,10019399.0,,,0.0,11.71,,,10.71
1797,10676014.0,10.91,a18,3.0,10.91,10.82,10.82,10.87
1800,11017901.0,6.58,a18,3.0,6.58,6.46,6.49,6.53
1802,11298298.0,14.01,a18,3.0,14.01,13.76,13.75,15.3
1803,4349442.0,22.96,a18,3.0,22.96,22.04,22.34,
1805,4644952.0,13.53,a18,3.0,13.53,13.37,13.42,13.15
1806,9529744.0,,,1.0,26.68,,47.14,
1808,7761918.0,8.73,a18,3.0,8.73,8.25,8.53,8.96
1809,8240797.0,21.39,a18,3.0,21.39,21.12,21.12,
1812,6279974.0,,,0.0,3.94,1.61,,
1813,9455325.0,18.84,a18,3.0,18.84,18.26,18.99,18.28
1815,9872283.0,18.62,a18,3.0,18.62,18.63,18.73,18.73
1818,7870032.0,15.72,a18,3.0,15.72,15.84,15.79,15.62
1819,9597058.0,12.95,a18,3.0,12.95,12.79,12.83,12.93
1820,8277797.0,19.77,a18,3.0,19.77,18.99,18.95,19.21
1822,5124667.0,11.69,a18,3.0,11.69,11.53,11.52,
1824,2989404.0,,,1.0,21.31,,34.79,
1825,5375194.0,10.46,a18,3.0,10.46,10.19,10.21,
1826,6468138.0,,,1.0,22.53,,14.42,8.27
1831,11601584.0,13.89,a18,2.0,13.89,,,
1832,11709244.0,14.14,m15,3.0,,14.17,14.14,14.7
1835,9471268.0,9.72,a18,3.0,9.72,9.65,9.65,9.77
1837,10657406.0,17.89,a18,3.0,17.89,18.12,18.05,18.28
1839,5856571.0,6.3,a18,3.0,6.3,6.25,6.26,
1841,11760231.0,25.75,a18,3.0,25.75,25.32,25.31,24.55
1845,3338885.0,38.43,m15,3.0,,39.71,38.43,38.35
1850,8826168.0,24.36,a18,2.0,24.36,,23.0,
1852,9763348.0,,,1.0,6.93,,69.22,
1854,9662811.0,25.4,a18,3.0,25.4,24.38,24.4,18.28
1856,11570749.0,28.28,a18,3.0,28.28,27.57,27.58,25.38
1858,8160953.0,18.73,a18,3.0,18.73,18.52,18.51,18.28
1860,4157325.0,21.64,a18,3.0,21.64,21.47,21.46,
1861,3648437.0,6.63,a18,3.0,6.63,6.52,6.55,6.53
1862,7286173.0,,,1.0,27.37,,27.92,11.36
1863,11126381.0,11.78,a18,3.0,11.78,11.53,11.53,11.54
1864,4149450.0,,,1.0,26.1,,55.0,
1871,9758089.0,21.07,d20,2.0,,44.1,,43.97
1875,9967771.0,25.13,a18,2.0,25.13,31.08,30.95,
1877,10454632.0,26.13,a18,3.0,26.13,25.95,25.77,25.82
1878,3098810.0,,,1.0,13.08,,80.94,
1883,11758544.0,11.72,a18,2.0,11.72,11.48,11.54,
1886,9549648.0,7.83,a18,3.0,7.83,7.31,7.45,
1888,10063802.0,,,1.0,7.67,,,
1889,11074178.0,19.93,a18,3.0,19.93,19.84,19.8,18.73
1891,8680979.0,,,1.0,,,39.15,
1893,8689793.0,,,1.0,,,79.38,
1894,11673802.0,,,1.0,42.8,,,
1897,5695524.0,25.68,a18,2.0,25.68,,25.93,
1898,7668663.0,,,1.0,14.23,,47.69,
1901,3629967.0,14.1,a18,2.0,14.1,,50.25,25.38
1904,8766650.0,21.16,a18,3.0,21.16,21.04,21.05,21.1
1905,10328393.0,24.33,a18,3.0,24.33,23.64,23.81,22.36
1909,10130039.0,16.9,a18,2.0,16.9,16.68,16.48,19.98
1913,9704384.0,21.81,a18,3.0,21.81,21.84,21.81,24.55
1915,9101496.0,13.78,a18,2.0,13.78,,13.46,
1917,10074466.0,,,1.0,15.66,,15.61,
1921,7755636.0,,,1.0,5.83,,,
1922,,,,0.0,,,,
1923,4989057.0,31.93,m15,2.0,14.28,31.84,31.93,
1924,5108214.0,17.76,a18,2.0,17.76,,,
1925,9955598.0,27.96,a18,2.0,27.96,,,
1928,5770074.0,18.55,a18,2.0,18.55,,18.3,
1929,10136549.0,,,1.0,6.2,,22.15,
1930,5511081.0,,,1.0,27.81,,23.43,
1931,10978763.0,16.84,m15,3.0,,16.92,16.84,16.66
1938,9651234.0,,,1.0,,,34.32,
1944,2438513.0,13.31,a18,3.0,13.31,13.54,13.23,13.63
1945,,,,0.0,,,,
1947,12253474.0,,,1.0,33.27,,,
1951,8081187.0,,,1.0,13.82,,41.82,
1952,7747425.0,,,1.0,,,,
1955,9892816.0,7.25,a18,2.0,7.25,,14.36,
1958,9836149.0,10.61,a18,3.0,10.61,10.53,10.39,
1960,6949061.0,,,1.0,6.9,,71.81,
1961,7269493.0,20.98,a18,3.0,20.98,20.58,,21.71
1964,7887791.0,26.25,a18,2.0,26.25,25.78,25.72,31.85
1970,9650808.0,,,1.0,,,47.63,
1978,9518318.0,21.93,m15,3.0,,22.22,21.93,23.78
1979,7273277.0,,,1.0,23.9,33.94,62.18,17.43
1980,11769890.0,22.49,a18,3.0,22.49,22.06,21.98,17.03
1984,10094670.0,13.91,a18,2.0,13.91,,13.88,
1985,8142942.0,25.43,a18,3.0,25.43,25.79,25.65,11.91
1988,9044228.0,35.2,m15,2.0,,34.92,35.2,35.62
1989,10779233.0,19.46,a18,3.0,19.46,18.79,18.8,9.35
1992,11450414.0,,,1.0,,,55.64,
2001,6061773.0,16.64,a18,3.0,16.64,16.36,16.32,17.03
2002,10024701.0,10.07,a18,3.0,10.07,10.12,10.1,
2004,12154526.0,,,1.0,22.37,,31.85,
2007,11069176.0,15.03,a18,3.0,15.03,15.0,,18.73
2009,2449431.0,21.32,a18,2.0,21.32,,73.07,
2010,5631630.0,7.12,a18,2.0,7.12,,,
2011,5384079.0,4.04,a18,2.0,4.04,3.88,3.9,
2012,9839821.0,13.3,m15,3.0,,13.24,13.3,12.93
2016,8492026.0,19.69,a18,2.0,19.69,,19.33,
2017,8750043.0,12.04,a18,3.0,12.04,11.82,11.87,12.09
2022,8564674.0,7.82,m15,3.0,,7.8,7.82,7.69
2026,11923284.0,9.83,a18,3.0,9.83,9.75,9.72,9.35
2029,9489524.0,16.06,a18,3.0,16.06,15.98,16.07,16.66
2035,9790806.0,7.17,a18,3.0,7.17,7.04,7.06,3.6
2037,9634821.0,,a18,3.0,,10.74,,10.56
2038,8950568.0,23.85,a18,3.0,23.85,23.5,23.5,24.55
2039,8804845.0,17.36,a18,3.0,17.36,17.42,17.29,17.84
2040,10480915.0,,,1.0,,,51.86,
2043,3448130.0,12.08,a18,2.0,12.08,,11.38,
2044,9656252.0,17.55,a18,3.0,17.55,17.6,17.58,
2046,10663396.0,,,1.0,13.85,,16.8,
2047,11457726.0,10.92,a18,2.0,10.92,10.71,10.63,
2048,,,,0.0,,,,
2049,9649706.0,,,1.0,15.7,,12.19,
2051,7265298.0,,,1.0,,,27.78,
2053,2307415.0,10.24,a18,2.0,10.24,,9.84,
2071,6035124.0,32.86,a18,2.0,32.86,,35.04,
2072,12058147.0,,,1.0,20.45,,83.49,
2073,8164257.0,36.02,m15,2.0,,,36.02,
2076,9517393.0,,,1.0,,,45.02,
2079,9473078.0,33.06,a18,2.0,33.06,,58.13,26.74
2081,,,,0.0,,,,
2082,9472000.0,15.37,a18,2.0,15.37,,13.69,
2086,6768394.0,,,1.0,13.23,,74.29,
2087,6922710.0,14.05,a18,3.0,14.05,13.87,13.76,
2092,6696580.0,,,1.0,,,17.91,
2093,6525946.0,,,1.0,15.53,,72.43,
2094,8505920.0,19.47,m15,3.0,,19.37,19.47,19.03
2098,6105462.0,,,1.0,20.88,,51.55,
2105,8165946.0,16.53,a18,2.0,16.53,,32.41,20.25
2109,11499228.0,11.26,a18,2.0,11.26,10.98,11.13,11.36
2110,11460462.0,4.39,a18,3.0,4.39,4.19,4.26,4.15
2111,8612275.0,10.28,a18,3.0,10.28,10.25,10.19,9.35
2115,9532052.0,10.77,a18,3.0,10.77,10.46,10.57,
2119,4055304.0,18.35,a18,3.0,18.35,17.98,17.95,17.84
2120,4857213.0,20.17,a18,3.0,20.17,19.88,19.94,
2135,9904006.0,10.05,a18,2.0,10.05,,3.22,
2137,9364609.0,23.92,a18,2.0,23.92,,13.21,
2143,11403339.0,30.68,m15,2.0,15.47,,30.68,
2147,10404582.0,,,1.0,,,12.91,
2148,6021193.0,,,1.0,17.11,,50.68,
2149,10617017.0,7.49,m15,2.0,21.95,7.42,7.49,
2153,10253547.0,,,1.0,12.0,,45.5,
2158,5211199.0,,,1.0,34.79,,50.7,
2159,8804455.0,19.78,a18,3.0,19.78,19.12,19.0,
2162,9205938.0,,,1.0,,,31.56,
2167,6041734.0,10.66,m13,3.0,,10.66,,10.56
2168,11308499.0,,,1.0,,,57.99,
2169,9006186.0,27.22,a18,3.0,27.22,27.63,27.58,13.88
2173,11774991.0,15.41,a18,3.0,15.41,17.07,16.51,17.03
2175,9022166.0,20.93,a18,2.0,20.93,,50.51,
2183,5706595.0,,,1.0,,,57.24,
2188,10518424.0,,,1.0,,,20.69,
2194,3548044.0,,,1.0,23.09,,148.58,
2195,11401767.0,,,1.0,,,43.7,
2201,2141783.0,,,0.0,11.88,,11.26,
2202,4144576.0,26.76,m15,3.0,54.92,26.89,26.76,13.39
2208,10531955.0,22.18,a18,2.0,22.18,,22.1,
2218,12058204.0,26.74,a18,2.0,26.74,,26.4,30.55
2219,5357545.0,42.53,a18,3.0,42.53,42.24,43.21,
2220,6871071.0,,,1.0,,,2.75,
2228,10801100.0,,,0.0,,9.51,,9.77
2236,10723367.0,,,1.0,,,50.86,
2246,9458343.0,,,1.0,15.99,,47.22,
2250,5942808.0,24.02,a18,3.0,24.02,24.32,24.12,
2252,6206214.0,,,1.0,22.58,,70.67,
2260,11811193.0,,,1.0,17.77,,59.42,
2261,,,,0.0,,,,
2273,9717943.0,12.46,a18,3.0,12.46,12.57,12.55,
2278,3342794.0,,,1.0,32.7,,153.55,
2279,3661886.0,,,1.0,24.78,,52.26,
2281,,,,0.0,,,,
2289,3867615.0,,,1.0,17.04,,17.14,
2290,12121570.0,,,1.0,16.02,,36.98,
2295,4049901.0,,,1.0,46.87,,51.55,
2300,10583761.0,29.23,a18,3.0,29.23,28.69,28.8,13.88
2312,,,,0.0,,,,
2319,9003401.0,,,1.0,13.21,,13.01,
2331,12401863.0,,,1.0,20.13,,65.31,
2332,5534941.0,,,1.0,2.25,,76.0,
2333,11121752.0,,,1.0,22.02,,15.52,
2339,,,,0.0,,,,
2342,10212441.0,,,1.0,20.49,,83.38,
2352,8013439.0,10.24,a18,2.0,10.24,,,
2357,7449554.0,,,1.0,,,48.91,
2358,5716932.0,5.88,m15,2.0,6.15,5.83,5.88,
2365,11560897.0,,,1.0,17.62,,36.67,
2366,11342416.0,9.39,a18,2.0,9.39,,8.76,
2367,9086251.0,,,1.0,10.25,11.22,7.72,
2369,5602588.0,,,1.0,12.88,,8.41,
2370,5385304.0,,,1.0,20.61,1.78,,
2372,12254909.0,,,1.0,19.57,,35.45,
2374,9364290.0,,,1.0,41.4,,75.73,
2389,8494617.0,,,1.0,8.16,,61.6,
2390,10289119.0,,,1.0,17.26,29.07,29.36,29.94
2393,4665571.0,,,1.0,34.51,,40.54,
2396,12115188.0,,,0.0,30.14,,29.41,
2398,6199056.0,1.54,a18,2.0,1.54,1.34,2.67,
2399,11461433.0,27.91,a18,2.0,27.91,27.78,28.03,24.96
2403,2142522.0,10.54,a18,2.0,10.54,10.38,10.35,
2407,12120484.0,14.73,a18,2.0,14.73,,14.15,
2408,6429812.0,,,1.0,20.43,,34.39,
2409,10024051.0,,,1.0,31.88,,21.83,
2410,,,,0.0,,,,
2414,8611832.0,,,1.0,24.63,,48.22,
2422,11360805.0,,,1.0,21.81,,33.72,33.26
2426,8081899.0,,,1.0,14.53,,59.59,14.7
2433,11968463.0,,,1.0,23.38,,25.11,
2440,5339567.0,,,1.0,23.61,,28.49,
2442,11080405.0,,,1.0,,,39.04,
2443,9209624.0,,,1.0,20.02,,70.49,
2462,5042210.0,,,1.0,22.6,,51.38,
2469,6149910.0,37.31,a18,2.0,37.31,36.82,36.61,16.66
2470,9108085.0,,,0.0,20.86,,64.38,
2473,8753896.0,27.56,m15,3.0,,28.05,27.56,13.88
2479,5963582.0,,,1.0,19.86,,58.01,
2481,,,,0.0,,,,
2484,10453588.0,,,1.0,19.4,,107.47,
2488,8559152.0,,,1.0,6.85,,15.22,
2492,11752632.0,,,1.0,39.07,,50.56,
2498,5959719.0,,,1.0,25.27,,65.57,
2503,8631504.0,,,1.0,19.27,,77.02,
2516,7294743.0,,,1.0,34.92,,47.02,
2517,8947520.0,20.24,a18,3.0,20.24,20.18,20.14,19.72
2521,7183745.0,,,1.0,16.99,,50.14,
2522,9177629.0,38.53,a18,3.0,38.53,38.04,37.9,37.4
2529,8463346.0,16.0,m15,3.0,,16.0,16.0,15.62
2530,9011825.0,,,1.0,20.31,,21.72,
2533,,,,0.0,,,,
2534,1996180.0,,,1.0,11.39,,74.82,
2538,1849702.0,,,1.0,21.28,,69.69,
2541,12306058.0,,,1.0,21.12,,,
2545,9696358.0,17.02,a18,3.0,17.02,16.71,17.12,
2547,4484336.0,,,1.0,31.62,,82.53,
2555,5350244.0,9.0,a18,3.0,9.0,8.8,8.8,10.13
2556,5374403.0,,,1.0,13.17,,31.93,
2559,6605493.0,,,1.0,21.78,,80.99,
2561,7259298.0,,,1.0,21.97,,85.02,
2563,5175024.0,12.39,a18,2.0,12.39,,12.13,
2564,9026749.0,,,1.0,10.7,,30.13,
2571,6867588.0,30.99,a18,2.0,30.99,33.67,33.67,28.25
2581,11818872.0,28.86,a18,3.0,28.86,29.91,29.95,14.99
2582,11771430.0,,,1.0,14.98,,19.57,
2583,10387742.0,,,1.0,27.09,,67.92,
2585,7673841.0,,,1.0,25.73,,93.02,
2590,12016267.0,10.87,a18,3.0,10.87,,10.84,
2593,8212002.0,8.76,a18,3.0,8.76,8.67,8.62,8.96
2595,8883329.0,,,1.0,19.06,,,
2597,12120307.0,,,1.0,21.13,,47.61,
2603,2443393.0,,,1.0,7.21,,74.36,
2607,5095635.0,16.02,a18,3.0,16.02,15.94,15.95,
2608,6269070.0,,,1.0,7.18,20.3,20.18,
2612,9602613.0,,,1.0,24.5,,37.12,
2623,10916600.0,12.47,a18,3.0,12.47,12.26,12.28,
2631,,,,0.0,,,,
2632,11337566.0,11.13,a18,3.0,11.13,11.06,10.98,
2635,4914566.0,12.71,a18,2.0,12.71,,12.59,
2636,6198182.0,16.55,a18,3.0,16.55,16.23,16.09,18.28
2639,11391755.0,,,1.0,21.57,,,
2640,,,,0.0,,,,
2641,8894646.0,,,1.0,18.7,,70.36,
2659,8803882.0,,,0.0,9.08,,,
2668,5513012.0,22.55,a18,3.0,22.55,21.92,22.02,
2672,11253827.0,13.31,a18,3.0,13.31,13.27,13.23,13.39
2674,8022489.0,,,1.0,29.46,,62.71,
2675,5794570.0,6.13,a18,3.0,6.13,6.0,6.01,5.99
2676,5649325.0,,,0.0,,,,
2677,9958387.0,,,1.0,1.44,,90.06,
2678,6779260.0,6.21,a18,3.0,6.21,6.14,6.18,6.16
2686,7826659.0,22.46,a18,3.0,22.46,22.06,22.15,24.16
2687,7202957.0,14.44,a18,3.0,14.44,14.22,14.38,15.3
2690,5369827.0,12.57,a18,3.0,12.57,12.36,12.28,
2694,9475552.0,38.16,a18,3.0,38.16,37.7,37.78,40.42
2698,5128673.0,,,1.0,17.34,,55.29,
2706,9697131.0,6.74,a18,3.0,6.74,6.27,6.24,6.53
2712,11098013.0,,,1.0,5.91,,72.99,
2714,12206313.0,,,1.0,14.71,,73.24,
2717,9467404.0,,,1.0,18.79,,60.8,
2720,8176564.0,,,1.0,14.63,,0.3,
2722,7673192.0,9.13,a18,2.0,9.13,8.96,9.01,10.27
2729,12008872.0,,,1.0,20.61,,75.09,
2730,8415200.0,,,1.0,31.68,,21.78,
2732,9886361.0,20.8,a18,2.0,20.8,,21.18,
2737,6614629.0,,,0.0,,,,
2740,3336765.0,,,0.0,,,,
2741,5513893.0,,,0.0,18.46,,,
2743,8095441.0,25.33,a18,3.0,25.33,23.97,23.95,
2748,9962455.0,,,1.0,,,50.22,
2749,8687088.0,,,0.0,11.49,,,
2753,6265792.0,,,1.0,39.16,,61.52,
2754,10905911.0,23.9,a18,3.0,23.9,,22.58,
2755,3545135.0,,,1.0,42.48,,75.15,
2756,6964929.0,,,1.0,12.95,,19.08,19.98
2758,8703129.0,,,1.0,10.54,,,0.0
2762,8210018.0,45.65,m15,2.0,,44.55,45.65,
2763,3834322.0,,,0.0,28.2,26.67,27.03,23.41
2765,11188249.0,,,0.0,,,,
2768,,,,0.0,,,,
2769,9692128.0,,,0.0,,,,
2771,11456382.0,,,0.0,2.76,2.66,,2.56
2781,8190354.0,,,0.0,,,,
2785,10001368.0,23.51,a18,2.0,23.51,,11.37,
2786,9466429.0,21.19,a18,2.0,21.19,,,
2792,11127479.0,17.4,a18,3.0,17.4,,16.59,
2796,11246161.0,,,1.0,19.43,,17.96,
2801,5905822.0,,,1.0,24.97,,47.58,
2803,9898447.0,8.98,a18,2.0,8.98,16.93,16.84,
2805,11135308.0,,,1.0,,,33.47,
2807,2985587.0,,,1.0,4.8,,74.63,
2815,9665922.0,,,0.0,,,,
2828,6436029.0,25.03,m15,3.0,,25.34,25.03,24.55
2829,6197215.0,23.32,a18,2.0,23.32,,24.06,7.97
2831,9692557.0,,,0.0,,,,
2832,9995402.0,39.29,a18,3.0,39.29,37.09,37.2,42.72
2833,9109857.0,12.35,a18,2.0,12.35,,0.28,
2838,6607357.0,,,1.0,15.66,,74.86,
2840,6467363.0,,,1.0,35.1,,50.98,
2841,8758204.0,,,1.0,,,,
2848,7749773.0,22.67,m15,2.0,41.6,23.0,22.67,
2857,6345732.0,8.2,a18,3.0,8.2,,7.91,
2859,10397751.0,25.78,m15,2.0,16.73,,25.78,
2863,3241557.0,,,0.0,,,,
2864,3957082.0,,,0.0,,,,
2866,4138951.0,,,1.0,13.22,,78.47,
2874,9149789.0,,,1.0,17.96,,47.52,
2875,12170648.0,,,0.0,23.3,,23.1,22.7
2884,9652649.0,,,0.0,,,,
2885,11100670.0,,,0.0,,,,
2904,3969687.0,28.35,a18,3.0,28.35,,29.66,
2906,6716545.0,,,1.0,42.96,,45.15,
2913,9693006.0,,,1.0,21.12,,48.75,24.16
2915,5613821.0,34.78,a18,2.0,34.78,,28.18,
2916,7269881.0,,,0.0,20.11,,80.14,40.42
2925,6974658.0,30.45,m15,2.0,12.04,,30.45,25.38
2926,10122538.0,23.84,m15,3.0,,23.91,23.84,
2931,8611257.0,31.15,a18,2.0,31.15,31.32,31.77,
2943,9838468.0,26.33,a18,2.0,26.33,,25.38,
2949,6026737.0,,,1.0,21.07,,39.57,
2956,8801316.0,,,1.0,19.26,,44.15,
2960,10876237.0,,,0.0,,,,
2961,10471515.0,11.99,a18,3.0,11.99,11.87,11.81,
2964,10098844.0,,,1.0,10.95,,38.16,
2968,8873090.0,,,1.0,21.17,,50.21,
2970,5450893.0,9.45,a18,3.0,9.45,,9.19,
2971,4770174.0,5.78,a18,3.0,5.78,5.51,5.56,
2974,,,,0.0,,,,
2977,11090556.0,20.0,a18,2.0,20.0,,79.46,
2979,2720514.0,,,0.0,,,,
2984,7918652.0,12.85,a18,2.0,12.85,,42.75,
3008,9070666.0,,,1.0,29.15,,73.23,
3009,12405333.0,13.69,a18,3.0,13.69,,13.51,6.73
3012,7109851.0,,,0.0,,,,
3015,11403530.0,,,1.0,19.42,,56.37,
3017,12072872.0,,,1.0,14.46,,30.62,
3021,3348285.0,,,0.0,,,,13.39
3023,7732285.0,,,0.0,,,,
3032,10585738.0,,,1.0,,,,
3039,5445681.0,,,1.0,,,25.36,
3046,,,,0.0,,,,
3052,8827575.0,26.9,a18,3.0,26.9,27.82,27.75,28.79
3057,3234843.0,,,1.0,,,25.78,
3060,11019987.0,13.17,a18,3.0,13.17,13.13,13.18,
3065,5040077.0,15.54,a18,3.0,15.54,15.03,15.22,
3075,3328080.0,,,1.0,32.02,,50.55,
3083,7106173.0,21.47,a18,3.0,21.47,21.22,21.23,
3086,10749059.0,,,1.0,14.85,,33.36,
3087,9119568.0,,,0.0,,,,17.84
3093,5096590.0,22.28,a18,2.0,22.28,22.06,10.93,
3096,7455981.0,,,1.0,,,54.29,
3097,7582689.0,16.16,a18,2.0,16.16,,17.58,
3100,7107561.0,,,0.0,,,,
3109,11572193.0,5.89,a18,3.0,5.89,5.46,5.6,
3111,8581240.0,17.39,a18,2.0,17.39,,17.49,
3114,9288237.0,12.08,a18,3.0,12.08,,,
3117,6523351.0,23.72,a18,3.0,23.72,23.94,23.82,17.03
3122,12416661.0,11.61,a18,3.0,11.61,,11.2,
3125,8751796.0,6.49,a18,3.0,6.49,,6.54,
3128,7609674.0,,,1.0,20.62,,43.36,21.71
3130,10252275.0,28.08,a18,3.0,28.08,27.02,27.38,30.55
3132,9541295.0,,,0.0,,,,22.7
3146,10908248.0,,,1.0,30.48,,68.91,
3165,9579208.0,5.5,a18,3.0,5.5,,5.29,
3167,12255382.0,,,0.0,12.82,,,
3168,4450844.0,,,1.0,36.31,,51.05,
3180,,,,0.0,,,,
3184,4735826.0,19.53,a18,2.0,19.53,,,
3194,12004971.0,10.79,a18,3.0,10.79,,10.77,
3195,,,,0.0,,,,
3196,9002538.0,,,1.0,19.58,,19.69,
3197,8443527.0,7.23,a18,3.0,7.23,,,
3201,,,,0.0,,,,
3202,4262040.0,,,1.0,27.23,,34.14,
3203,3122872.0,,,1.0,,,,
3215,3342952.0,,,0.0,,,,
3218,10191036.0,,,0.0,,,,
3220,11189311.0,5.38,a18,3.0,5.38,,5.12,
3224,10384298.0,22.7,a18,3.0,22.7,,22.5,
3225,3109550.0,29.12,m15,3.0,13.05,,29.12,
3227,8975368.0,,,0.0,,,,
3232,9569711.0,13.53,a18,3.0,13.53,,13.33,
3233,,,,0.0,,,,
3234,10057494.0,4.89,a18,3.0,4.89,,3.73,
3236,7902003.0,5.31,a18,3.0,5.31,,5.07,
3237,6587796.0,10.97,m15,3.0,12.98,,10.97,
3239,5305240.0,,,0.0,,,,
3240,6206559.0,,,0.0,,,,
3244,6850665.0,,,0.0,,,,
3245,8073705.0,22.33,a18,3.0,22.33,,20.51,
3246,9885417.0,19.43,a18,3.0,19.43,,19.66,
3248,10917433.0,,,1.0,19.62,,31.04,
3249,9083564.0,,,0.0,,,,
3251,,,,0.0,,,,
3254,9899141.0,,,0.0,,,,
3277,3120904.0,16.13,m15,2.0,24.55,,16.13,
3278,3342467.0,,,0.0,12.46,,12.52,
3283,,,,0.0,,,,
3287,6584273.0,17.38,a18,2.0,17.38,,22.78,
3288,5768816.0,16.37,a18,3.0,16.37,,16.17,
3301,8301878.0,,,1.0,,,29.01,
3308,3632089.0,31.1,a18,2.0,31.1,,26.74,
3310,12253769.0,28.52,m15,3.0,,,28.52,
3315,8554701.0,,,1.0,22.98,,79.31,
3338,8263752.0,,,0.0,,,,
3340,3529290.0,12.52,a18,2.0,12.52,,12.27,
3346,11241912.0,,,1.0,,,21.84,
3358,4263529.0,15.74,a18,3.0,15.74,,,
3363,11651712.0,,,1.0,34.98,,130.65,
3371,11125797.0,,,1.0,23.24,,6.98,
3378,4376629.0,,,0.0,,,,
3382,9991621.0,,,0.0,,,,
3384,8644365.0,,,1.0,18.47,,83.63,
3403,11754430.0,,,1.0,29.12,,28.94,
3419,11519134.0,,,0.0,,,,
3421,5004909.0,,,0.0,10.77,,10.79,
3422,5898983.0,,,0.0,,,,
3425,9117416.0,15.86,a18,2.0,15.86,,,
3436,6265665.0,14.68,a18,3.0,14.68,,14.7,
3438,6599975.0,,,1.0,10.92,,19.45,
3451,10793576.0,13.01,a18,2.0,13.01,,7.7,
3456,6364582.0,21.59,a18,2.0,21.59,,27.34,
3465,9763612.0,11.13,a18,3.0,11.13,,11.38,
3473,8905246.0,7.84,a18,3.0,7.84,,,
3497,8424002.0,9.33,a18,3.0,9.33,,9.43,
3500,6058816.0,,,1.0,29.45,,59.09,
3503,,,,0.0,,,,
3541,8868364.0,,,1.0,44.18,,,
3608,10259301.0,,,0.0,27.05,,,
3641,3534118.0,,,0.0,,,,
3663,12735740.0,23.77,a18,2.0,23.77,,22.66,
3678,4150804.0,,,1.0,43.66,,28.23,
3680,9025971.0,,,1.0,29.81,,14.85,
3681,2581316.0,,,1.0,7.77,,7.83,
3683,10795103.0,,,1.0,7.16,,6.64,
3689,7017372.0,,,1.0,,,0.4,
3780,6775985.0,,,0.0,,,,
3787,7813039.0,,,0.0,36.93,,,
3791,5437945.0,18.6,a18,2.0,18.6,,17.93,
3801,8827930.0,,,1.0,8.89,,29.17,
3811,4638237.0,,,1.0,20.96,,,
3823,4820550.0,14.52,a18,3.0,14.52,,14.42,
3835,2581554.0,7.88,a18,3.0,7.88,,7.87,
3853,2697935.0,,,0.0,21.5,,,
3864,4164922.0,9.67,a18,3.0,9.67,,9.56,
3867,9353742.0,,,1.0,28.71,,20.98,
3871,9752982.0,,,0.0,13.57,,,
3876,3440118.0,4.73,a18,3.0,4.73,,4.7,
3880,4147444.0,,,0.0,4.24,,4.2,
3889,10733174.0,,,0.0,18.49,,19.55,
3890,8564976.0,,,1.0,6.86,,,
3891,8765560.0,,,1.0,29.16,,,
3892,11760860.0,23.37,a18,2.0,23.37,,29.05,
3907,7137213.0,2.17,a18,3.0,2.17,,2.14,
3908,10363115.0,,,1.0,20.6,,,
3913,10281221.0,25.36,a18,2.0,25.36,,29.62,
3925,10788461.0,17.0,m15,3.0,,,17.0,
3928,4242692.0,20.81,a18,3.0,20.81,,,
3936,4947556.0,7.23,a18,3.0,7.23,,7.15,
3943,7679812.0,,,1.0,9.2,,8.99,
3946,8636434.0,10.06,a18,2.0,10.06,,20.05,
3980,6750902.0,,,1.0,,,,
3991,10352333.0,5.27,m15,3.0,,,5.27,
4002,5773121.0,18.74,a18,3.0,18.74,,18.38,
4004,4814502.0,6.21,a18,3.0,6.21,,6.24,
4005,8142787.0,,,1.0,19.0,,13.13,
4011,11969988.0,25.08,a18,2.0,25.08,,19.54,
4014,9009953.0,16.79,a18,2.0,16.79,,16.46,
4018,4929299.0,,,0.0,,,,
4022,7733731.0,13.88,a18,2.0,13.88,,13.95,
4024,10714072.0,11.26,a18,3.0,11.26,,11.14,
4032,7100673.0,,,1.0,19.23,,43.52,
4036,11415243.0,26.39,a18,3.0,26.39,,26.21,
4037,8264402.0,7.93,a18,3.0,7.93,,7.55,
4053,1718958.0,9.27,a18,3.0,9.27,,9.23,
4054,6428794.0,23.78,m15,3.0,,,23.78,
4060,9086154.0,32.51,a18,3.0,32.51,,32.5,
4062,11858979.0,,,0.0,,,28.3,
4066,8686373.0,5.3,a18,2.0,5.3,,,
4067,5530112.0,,,1.0,,,4.62,
4070,10186945.0,,,0.0,,,,
4072,6755944.0,,,1.0,18.03,,27.5,
4103,3747817.0,16.94,a18,3.0,16.94,,16.75,
4109,7907808.0,,,1.0,17.61,,48.58,
4121,6349881.0,,,1.0,,,46.59,
4123,6140059.0,,,1.0,22.36,,62.38,
4129,11970988.0,33.63,a18,3.0,33.63,,32.75,
4136,7256914.0,,,1.0,29.64,,43.05,
4144,3112129.0,,,1.0,,,,
4146,10000941.0,12.16,a18,3.0,12.16,,13.14,
4156,5881120.0,,,1.0,20.76,,92.15,
4157,4548098.0,6.02,a18,2.0,6.02,,5.91,
4159,6607644.0,31.92,a18,2.0,31.92,,75.58,
4160,7610663.0,10.43,a18,3.0,10.43,,10.41,
4188,6879171.0,10.46,a18,3.0,10.46,,10.23,
4198,9072639.0,,,0.0,19.29,,19.43,
4199,5340878.0,35.1,a18,2.0,35.1,,36.84,
4204,10593535.0,,,1.0,,,87.45,
4212,1724719.0,9.2,a18,2.0,9.2,,72.51,
4215,9366617.0,,,1.0,15.02,,22.62,
4222,9183378.0,15.89,a18,3.0,15.89,,15.49,
4226,9491832.0,14.6,a18,2.0,14.6,,24.37,
4230,9872831.0,,,1.0,,,44.5,
4235,10794974.0,5.4,a18,3.0,5.4,,5.24,
4245,12737015.0,,,1.0,40.25,,62.93,
4246,5177859.0,7.28,a18,3.0,7.28,,7.17,
4251,8741470.0,17.98,a18,3.0,17.98,,17.72,
4257,7901016.0,,,1.0,16.72,,32.3,
4269,8890924.0,,,1.0,12.77,,,
4276,6026924.0,16.34,a18,3.0,16.34,,16.09,
4288,4548011.0,,,1.0,22.16,,18.73,
4292,10063208.0,,,1.0,16.0,,56.3,
4296,7661893.0,24.79,a18,2.0,24.79,,85.39,
4298,2852941.0,35.55,d20,2.0,,,,
4301,8773015.0,,,1.0,35.19,,68.08,
4302,6290935.0,,,1.0,,,68.39,
4304,11612280.0,,,1.0,23.44,,43.16,
4312,10722485.0,,,1.0,,,74.39,
4318,9286088.0,2.34,m15,2.0,24.45,,2.34,
4323,5385410.0,,,1.0,26.94,,52.58,
4329,12456063.0,7.49,a18,3.0,7.49,,7.05,
4335,10730070.0,32.26,m15,2.0,38.1,,32.26,
4356,8459663.0,12.18,m15,3.0,,,12.18,
4366,10647452.0,38.99,a18,2.0,38.99,,38.17,
4367,4773392.0,9.65,a18,2.0,9.65,,27.32,
4368,5471489.0,,,1.0,,,,
4374,10991114.0,,,1.0,33.38,,23.8,
4382,,,,0.0,,,,
4383,9883606.0,14.21,a18,3.0,14.21,,14.22,
4385,3645438.0,,,1.0,18.74,,46.13,
4399,8345384.0,17.73,a18,3.0,17.73,,17.56,
4400,2831055.0,21.99,a18,3.0,21.99,,21.92,
4407,8396660.0,19.41,a18,3.0,19.41,,20.08,
4409,5308537.0,23.92,a18,2.0,23.92,,19.08,
4411,5281113.0,11.85,a18,3.0,11.85,,11.66,
4421,9836563.0,,,1.0,23.18,,27.74,
4423,3866536.0,,,0.0,7.65,,7.64,
4426,,,,0.0,,,,
4430,9642018.0,,,0.0,,,,
4431,9936080.0,9.9,a18,2.0,9.9,,52.81,
4435,8278685.0,10.37,a18,2.0,10.37,,31.27,
4441,8416523.0,,a18,2.0,,,,
4443,5780855.0,7.43,m15,2.0,20.6,,7.43,
4446,10329196.0,,,1.0,18.73,,,
4452,4474462.0,,,1.0,20.61,,19.61,
4457,12109267.0,13.01,a18,2.0,13.01,,75.19,
4469,10006641.0,,,0.0,,,,
4473,7133294.0,16.37,a18,3.0,16.37,,16.81,
4480,10467714.0,20.31,d20,2.0,5.53,,10.41,
4482,7778427.0,6.7,a18,2.0,6.7,,70.96,
4505,8493354.0,10.01,m15,2.0,21.41,,10.01,
4546,5033823.0,,,1.0,40.45,,55.37,
4556,10399321.0,,,0.0,27.07,,57.57,
4557,10257229.0,,,1.0,,,68.71,
4561,7747457.0,,,1.0,,,0.9,
4567,8332521.0,5.79,a18,2.0,5.79,,5.37,
4575,9893468.0,12.01,a18,2.0,12.01,,72.98,
4580,8628761.0,,,1.0,34.39,,79.13,
4581,2572029.0,,,1.0,23.87,,74.07,
4582,7905106.0,14.44,a18,2.0,14.44,,31.85,
4585,9009036.0,9.69,a18,2.0,9.69,,9.37,
4588,8806985.0,13.67,a18,3.0,13.67,,13.43,
4601,11153476.0,8.82,d20,2.0,,,17.02,
4603,8430053.0,,,1.0,18.07,,81.7,
4605,12458605.0,,,1.0,17.61,,77.75,
4613,10220837.0,26.47,a18,3.0,26.47,,24.84,
4614,7583650.0,,,1.0,26.81,,27.7,
4617,9701962.0,,,1.0,1.1,,48.32,
4633,5954001.0,14.86,a18,2.0,14.86,,15.2,
4637,9457728.0,20.51,a18,3.0,20.51,,20.07,
4640,9412623.0,11.42,a18,2.0,11.42,,,
4647,9947653.0,43.64,a18,2.0,43.64,,53.14,
4651,6717252.0,16.76,a18,3.0,16.76,,16.46,
4653,11181260.0,8.43,a18,2.0,8.43,,45.14,
4657,6527078.0,17.05,d20,2.0,29.63,,77.22,
4659,2857607.0,24.22,a18,2.0,24.22,,23.94,
4663,7515336.0,,,1.0,,,52.37,
4665,,,,0.0,,,,
4674,6839010.0,,,1.0,24.25,,50.35,
4686,5819801.0,34.38,a18,2.0,34.38,,36.03,
4693,8417078.0,,,1.0,20.86,,27.2,
4699,7891294.0,10.56,a18,2.0,10.56,,10.4,
4715,6264750.0,12.84,a18,2.0,12.84,,58.28,
4716,11290515.0,14.87,m15,2.0,,,14.87,
4717,4902202.0,,,0.0,14.3,,35.57,
4725,7778621.0,26.86,a18,2.0,26.86,,42.21,
4744,5709906.0,,,1.0,23.03,,52.88,
4745,11757451.0,,,1.0,16.83,,46.71,
4763,8349399.0,,,1.0,12.69,,32.02,
4765,10615440.0,8.75,a18,2.0,8.75,,8.51,
4771,11658036.0,,,1.0,24.87,,64.63,
4773,7906892.0,18.77,a18,2.0,18.77,,19.2,
4774,4277304.0,31.32,a18,2.0,31.32,,30.73,
4775,8626325.0,,,1.0,20.39,,125.65,
4792,11618569.0,16.41,a18,2.0,16.41,,16.13,
4811,8811490.0,17.94,a18,3.0,17.94,,16.59,
4822,,,,0.0,,,,
4829,12401132.0,,,1.0,,,0.3,
4833,10584140.0,,,1.0,10.34,,73.61,
4834,8233326.0,,,1.0,,,,
4839,9110610.0,,,1.0,27.93,,78.85,
4841,5480884.0,,,0.0,,,,
4850,6786224.0,17.33,a18,2.0,17.33,,24.96,
4864,,,,0.0,,,,
4887,4059887.0,,,0.0,19.52,,19.47,
4892,10586744.0,,,1.0,,,51.84,
4898,,,,0.0,,,,
4907,5437762.0,,,1.0,16.81,,23.26,
4961,,,,0.0,,,,
4978,,,,0.0,,,,
5018,3854101.0,,,0.0,18.73,,20.43,
5021,,,,0.0,,,,
5039,,,,0.0,,,,
5048,,,,0.0,,,,
5057,,,,0.0,,,,
5084,4760478.0,,,1.0,8.01,,27.41,
5085,,,,0.0,,,,
5107,,,,0.0,,,,
5119,,,,0.0,,,,
5124,5094412.0,,,0.0,,,19.02,
5135,,,,0.0,,,,
5155,5374838.0,,,1.0,,,38.94,
5159,,,,0.0,,,,
5198,,,,0.0,,,,
5216,,,,0.0,,,,
5236,6067545.0,,,0.0,,,12.5,
5241,6139220.0,,,0.0,22.86,,63.22,
5247,,,,0.0,,,,
5269,,,,0.0,,,,
5278,6372194.0,,,1.0,,,43.04,
5284,6443093.0,,,1.0,,,79.11,
5290,,,,0.0,,,,
5324,,,,0.0,,,,
5375,7213311.0,,,1.0,,,,
5379,,,,0.0,,,,
5380,,,,0.0,,,,
5393,,,,0.0,,,,
5423,,,,0.0,,,,
5546,,,,0.0,,,,
5567,8742270.0,,,0.0,46.42,,,
5592,,,,0.0,,,,
5612,,,,0.0,,,,
5613,,,,0.0,,,,
5622,9141355.0,,,1.0,,,36.55,
5626,,,,0.0,,,,
5645,,,,0.0,,,,
5689,,,,0.0,,,,
5702,,,,0.0,,,,
5706,9715631.0,,,1.0,,,78.77,
5782,,,,0.0,,,,
5790,10394802.0,,,1.0,,,27.67,
5798,,,,0.0,,,,
5837,,,,0.0,,,,
5850,,,,0.0,,,,
5852,,,,0.0,,,,
5855,11036168.0,,,1.0,18.34,,25.02,
5877,,,,0.0,,,,
5888,,,,0.0,,,,
5900,,,,0.0,,,,
5929,11716643.0,37.72,m15,2.0,,,37.72,
5949,,,,0.0,,,,
5953,,,,0.0,,,,
6102,,,,0.0,,,,
